Review,Cleaned_Review
"The product arrived on time. Packaging was great, and the quality is amazing!",the product arrived on time packaging was great and the quality is amazing
THIS PRODUCT IS JUST AMAZING! I LOVE IT.,this product is just amazing i love it
"I bought this phone for $799, and it has a 120Hz display. Totally worth it!",i bought this phone for  $799 and it has a 120hz display totally worth it
Wow!!! This product is awesome... but a bit expensive??,wow this product is awesome but a bit expensive
   The laptop works perfectly fine.   ,   the laptop works perfectly fine   
Check out the full product details here: https://example.com/product-details,check out the full product details here httpsexamplecomproductdetails
<div><h2>Great Purchase!</h2><p>I am happy with this product.</p></div>,"great purchase, i am happy with this product"
"The battry life is excelent, but the chargin cable is too short.",the battery life is excelent but the chargin cable is too short
I can't believe it's so good! Didn't expect such quality.,i cannot believe its so good did not expect such quality
"Love this product! ???? Fast delivery ??, amazing quality! ??",love this product  fast delivery  amazing quality 
"TBH, I wasnÂ’t expecting much, but OMG, this is awesome!!",to be honest i was not expecting much but oh my god this is awesome
This is the best product I have ever used in my life!,this is the best product i have ever used in my life
"The shoes were comfortable, fitting nicely, and worked perfectly for jogging.",the shoes were comfortable fitting nicely and worked perfectly for jogging
